Source,Page,Type,Label/Title,Content
_Sector Statistics Report Q3 2025-2026.pdf,3,Chart,Figure 1: Mobile Subscriptions and Penetration ............................................................................. 1,| LIST OF FIGURES  | Figure 1: Mobile Subscriptions and Penetration ............................................................................. 1  | Figure 2: Mobile Subscription per Operator ................................................................................... 2  | Figure 3:Mobile Money Services.................................................................................................... 3  | Figure 4: Mobile Data Subscriptions .............................................................................................. 3  | Figure 5: Mobile Broadband Consumption .................................................................................... 4  | Figure 6: Mobile Broadband Consumption per Broadband Subscription ...................................... 4  | Figure 7: Mobile Market Shares ..................................................................................................... 5  | Figure 8: Mobile Phone Devices..................................................................................................... 6  | Figure 9: Market Shares in Domestic Mobile Voice and SMS ...................................................... 7  | Figure 10: MoU/Month/Subscription vs SMS/Month/Subscription ............................................... 8
_Sector Statistics Report Q3 2025-2026.pdf,3,Chart,Figure 2: Mobile Subscription per Operator ................................................................................... 2,"LIST OF FIGURES  | Figure 1: Mobile Subscriptions and Penetration ............................................................................. 1  | Figure 2: Mobile Subscription per Operator ................................................................................... 2  | Figure 3:Mobile Money Services.................................................................................................... 3  | Figure 4: Mobile Data Subscriptions .............................................................................................. 3  | Figure 5: Mobile Broadband Consumption .................................................................................... 4  | Figure 6: Mobile Broadband Consumption per Broadband Subscription ...................................... 4  | Figure 7: Mobile Market Shares ..................................................................................................... 5  | Figure 8: Mobile Phone Devices..................................................................................................... 6  | Figure 9: Market Shares in Domestic Mobile Voice and SMS ...................................................... 7  | Figure 10: MoU/Month/Subscription vs SMS/Month/Subscription ............................................... 8  | Figure 11: Distribution of Tariffs, Promotions and Special Offer ................................................ 10"
_Sector Statistics Report Q3 2025-2026.pdf,3,Chart,Figure 3:Mobile Money Services.................................................................................................... 3,"Figure 1: Mobile Subscriptions and Penetration ............................................................................. 1  | Figure 2: Mobile Subscription per Operator ................................................................................... 2  | Figure 3:Mobile Money Services.................................................................................................... 3  | Figure 4: Mobile Data Subscriptions .............................................................................................. 3  | Figure 5: Mobile Broadband Consumption .................................................................................... 4  | Figure 6: Mobile Broadband Consumption per Broadband Subscription ...................................... 4  | Figure 7: Mobile Market Shares ..................................................................................................... 5  | Figure 8: Mobile Phone Devices..................................................................................................... 6  | Figure 9: Market Shares in Domestic Mobile Voice and SMS ...................................................... 7  | Figure 10: MoU/Month/Subscription vs SMS/Month/Subscription ............................................... 8  | Figure 11: Distribution of Tariffs, Promotions and Special Offer ................................................ 10  | Figure 12: Fixed Voice Subscriptions .......................................................................................... 11"
_Sector Statistics Report Q3 2025-2026.pdf,3,Chart,Figure 4: Mobile Data Subscriptions .............................................................................................. 3,"Figure 2: Mobile Subscription per Operator ................................................................................... 2  | Figure 3:Mobile Money Services.................................................................................................... 3  | Figure 4: Mobile Data Subscriptions .............................................................................................. 3  | Figure 5: Mobile Broadband Consumption .................................................................................... 4  | Figure 6: Mobile Broadband Consumption per Broadband Subscription ...................................... 4  | Figure 7: Mobile Market Shares ..................................................................................................... 5  | Figure 8: Mobile Phone Devices..................................................................................................... 6  | Figure 9: Market Shares in Domestic Mobile Voice and SMS ...................................................... 7  | Figure 10: MoU/Month/Subscription vs SMS/Month/Subscription ............................................... 8  | Figure 11: Distribution of Tariffs, Promotions and Special Offer ................................................ 10  | Figure 12: Fixed Voice Subscriptions .......................................................................................... 11  |"
_Sector Statistics Report Q3 2025-2026.pdf,3,Chart,Figure 5: Mobile Broadband Consumption .................................................................................... 4,"Figure 3:Mobile Money Services.................................................................................................... 3  | Figure 4: Mobile Data Subscriptions .............................................................................................. 3  | Figure 5: Mobile Broadband Consumption .................................................................................... 4  | Figure 6: Mobile Broadband Consumption per Broadband Subscription ...................................... 4  | Figure 7: Mobile Market Shares ..................................................................................................... 5  | Figure 8: Mobile Phone Devices..................................................................................................... 6  | Figure 9: Market Shares in Domestic Mobile Voice and SMS ...................................................... 7  | Figure 10: MoU/Month/Subscription vs SMS/Month/Subscription ............................................... 8  | Figure 11: Distribution of Tariffs, Promotions and Special Offer ................................................ 10  | Figure 12: Fixed Voice Subscriptions .......................................................................................... 11  |   |"
_Sector Statistics Report Q3 2025-2026.pdf,3,Chart,Figure 6: Mobile Broadband Consumption per Broadband Subscription ...................................... 4,"Figure 4: Mobile Data Subscriptions .............................................................................................. 3  | Figure 5: Mobile Broadband Consumption .................................................................................... 4  | Figure 6: Mobile Broadband Consumption per Broadband Subscription ...................................... 4  | Figure 7: Mobile Market Shares ..................................................................................................... 5  | Figure 8: Mobile Phone Devices..................................................................................................... 6  | Figure 9: Market Shares in Domestic Mobile Voice and SMS ...................................................... 7  | Figure 10: MoU/Month/Subscription vs SMS/Month/Subscription ............................................... 8  | Figure 11: Distribution of Tariffs, Promotions and Special Offer ................................................ 10  | Figure 12: Fixed Voice Subscriptions .......................................................................................... 11  |   |   |"
_Sector Statistics Report Q3 2025-2026.pdf,3,Chart,Figure 7: Mobile Market Shares ..................................................................................................... 5,"Figure 5: Mobile Broadband Consumption .................................................................................... 4  | Figure 6: Mobile Broadband Consumption per Broadband Subscription ...................................... 4  | Figure 7: Mobile Market Shares ..................................................................................................... 5  | Figure 8: Mobile Phone Devices..................................................................................................... 6  | Figure 9: Market Shares in Domestic Mobile Voice and SMS ...................................................... 7  | Figure 10: MoU/Month/Subscription vs SMS/Month/Subscription ............................................... 8  | Figure 11: Distribution of Tariffs, Promotions and Special Offer ................................................ 10  | Figure 12: Fixed Voice Subscriptions .......................................................................................... 11  |   |   |   |"
_Sector Statistics Report Q3 2025-2026.pdf,3,Chart,Figure 8: Mobile Phone Devices..................................................................................................... 6,"Figure 6: Mobile Broadband Consumption per Broadband Subscription ...................................... 4  | Figure 7: Mobile Market Shares ..................................................................................................... 5  | Figure 8: Mobile Phone Devices..................................................................................................... 6  | Figure 9: Market Shares in Domestic Mobile Voice and SMS ...................................................... 7  | Figure 10: MoU/Month/Subscription vs SMS/Month/Subscription ............................................... 8  | Figure 11: Distribution of Tariffs, Promotions and Special Offer ................................................ 10  | Figure 12: Fixed Voice Subscriptions .......................................................................................... 11  |   |   |   |   |"
_Sector Statistics Report Q3 2025-2026.pdf,3,Chart,Figure 9: Market Shares in Domestic Mobile Voice and SMS ...................................................... 7,"Figure 7: Mobile Market Shares ..................................................................................................... 5  | Figure 8: Mobile Phone Devices..................................................................................................... 6  | Figure 9: Market Shares in Domestic Mobile Voice and SMS ...................................................... 7  | Figure 10: MoU/Month/Subscription vs SMS/Month/Subscription ............................................... 8  | Figure 11: Distribution of Tariffs, Promotions and Special Offer ................................................ 10  | Figure 12: Fixed Voice Subscriptions .......................................................................................... 11  |   |   |   |   |   |"
_Sector Statistics Report Q3 2025-2026.pdf,3,Chart,Figure 10: MoU/Month/Subscription vs SMS/Month/Subscription ............................................... 8,"Figure 8: Mobile Phone Devices..................................................................................................... 6  | Figure 9: Market Shares in Domestic Mobile Voice and SMS ...................................................... 7  | Figure 10: MoU/Month/Subscription vs SMS/Month/Subscription ............................................... 8  | Figure 11: Distribution of Tariffs, Promotions and Special Offer ................................................ 10  | Figure 12: Fixed Voice Subscriptions .......................................................................................... 11  |   |   |   |   |   |   |"
_Sector Statistics Report Q3 2025-2026.pdf,3,Chart,"Figure 11: Distribution of Tariffs, Promotions and Special Offer ................................................ 10","Figure 9: Market Shares in Domestic Mobile Voice and SMS ...................................................... 7  | Figure 10: MoU/Month/Subscription vs SMS/Month/Subscription ............................................... 8  | Figure 11: Distribution of Tariffs, Promotions and Special Offer ................................................ 10  | Figure 12: Fixed Voice Subscriptions .......................................................................................... 11  |   |   |   |   |   |   |   |"
_Sector Statistics Report Q3 2025-2026.pdf,3,Chart,Figure 12: Fixed Voice Subscriptions .......................................................................................... 11,"Figure 10: MoU/Month/Subscription vs SMS/Month/Subscription ............................................... 8  | Figure 11: Distribution of Tariffs, Promotions and Special Offer ................................................ 10  | Figure 12: Fixed Voice Subscriptions .......................................................................................... 11  |   |   |   |   |   |   |   |"
_Sector Statistics Report Q3 2025-2026.pdf,9,Chart,Figure 1 illustrates trends in mobile (SIM) subscriptions and the respective penetration rates.,"is attributed to the various customer win-back campaigns run by operators during the reference period.  |   | Figure 1 illustrates trends in mobile (SIM) subscriptions and the respective penetration rates.  |   |   | Source: CA, Operators’ Returns  | Figure 1: Mobile Subscriptions and Penetration  |   | Figure 2 shows the number of active mobile (SIM) subscriptions per operator by contract type. Pre-paid  | mobile subscriptions accounted for 96.5 per cent of the total mobile subscriptions.  |   | 1 Active subscriptions refer to subscriptions that have generated revenue in the last 3 months"
_Sector Statistics Report Q3 2025-2026.pdf,9,Chart,Figure 1: Mobile Subscriptions and Penetration,"| Source: CA, Operators’ Returns  | Figure 1: Mobile Subscriptions and Penetration  |   | Figure 2 shows the number of active mobile (SIM) subscriptions per operator by contract type. Pre-paid  | mobile subscriptions accounted for 96.5 per cent of the total mobile subscriptions.  |   | 1 Active subscriptions refer to subscriptions that have generated revenue in the last 3 months   |"
_Sector Statistics Report Q3 2025-2026.pdf,9,Chart,Figure 2 shows the number of active mobile (SIM) subscriptions per operator by contract type. Pre-paid,Figure 1: Mobile Subscriptions and Penetration  |   | Figure 2 shows the number of active mobile (SIM) subscriptions per operator by contract type. Pre-paid  | mobile subscriptions accounted for 96.5 per cent of the total mobile subscriptions.  |   | 1 Active subscriptions refer to subscriptions that have generated revenue in the last 3 months   |
_Sector Statistics Report Q3 2025-2026.pdf,10,Chart,Figure 2: Mobile Subscription per Operator,"| Source: CA, Operators’ Returns  | Figure 2: Mobile Subscription per Operator  |   | 1.2 Machine-to-Machine (M2M) Subscriptions   | As at period end, Machine-to-Machine (M2M)2 subscriptions that comprise of SIM cards assigned for use in  | machines grew by 8.8 per cent to 2.0 million as shown in Table 1.  |   | Table 1: Machine-to-Machine (M2M) Subscriptions  | Indicator/Period  | Mar-26  | Dec-25"
_Sector Statistics Report Q3 2025-2026.pdf,10,Chart,The mobile money sub-segment continued to register growth as illustrated in Figure 3 with active,"| 1.3 Mobile Money Services  | The mobile money sub-segment continued to register growth as illustrated in Figure 3 with active  | subscriptions growing by 3.9 per cent to 53.4 million resulting to a penetration rate of 100.1 per cent. as at  | the end of the quarter. This trend mirrors the increase in active mobile subscriptions.  |   | Figure 3 illustrates the trends in mobile money subscriptions and the respective penetration rates.  |   | 2 M2M examples in Kenya include Pay-As-You-Go (PAYG) Solar, Fleet Management and Telematics (car tracking), smart  | metering (KPLC) and Banking and POS Terminals  |"
_Sector Statistics Report Q3 2025-2026.pdf,10,Chart,Figure 3 illustrates the trends in mobile money subscriptions and the respective penetration rates.,"the end of the quarter. This trend mirrors the increase in active mobile subscriptions.  |   | Figure 3 illustrates the trends in mobile money subscriptions and the respective penetration rates.  |   | 2 M2M examples in Kenya include Pay-As-You-Go (PAYG) Solar, Fleet Management and Telematics (car tracking), smart  | metering (KPLC) and Banking and POS Terminals  |"
_Sector Statistics Report Q3 2025-2026.pdf,11,Chart,Figure 3:Mobile Money Services,"| Source: CA, Operators’ Returns  | Figure 3:Mobile Money Services  |   | 1.4 Mobile Data and Broadband3 Services  | By end of the third quarter, mobile data/internet subscriptions increased by 1.0 per cent to reach 62.6 million  | out of which 84.4 per cent of the subscriptions were on mobile broadband. Subscriptions to 2G and 3G  | technologies maintained a downward trend as 4G and 5G subscriptions maintained steady growth during the  | reference period as shown in Figure 4.  |   |   |"
_Sector Statistics Report Q3 2025-2026.pdf,11,Chart,reference period as shown in Figure 4.,"out of which 84.4 per cent of the subscriptions were on mobile broadband. Subscriptions to 2G and 3G  | technologies maintained a downward trend as 4G and 5G subscriptions maintained steady growth during the  | reference period as shown in Figure 4.  |   |   |   | Source: CA, Operators’ Returns  | Figure 4: Mobile Data Subscriptions  |   | 3 Mobile broadband includes 3G, 4G and 5G  |"
_Sector Statistics Report Q3 2025-2026.pdf,11,Chart,Figure 4: Mobile Data Subscriptions,"| Source: CA, Operators’ Returns  | Figure 4: Mobile Data Subscriptions  |   | 3 Mobile broadband includes 3G, 4G and 5G  |"
_Sector Statistics Report Q3 2025-2026.pdf,12,Chart,"previous quarter. Figure 5 shows mobile broadband consumption across 3G, 4G and 5G technologies.","| Notably, mobile broadband consumption rose to 800,027,716 GB representing a growth of 6.0 per cent from  | previous quarter. Figure 5 shows mobile broadband consumption across 3G, 4G and 5G technologies.  |   |   |   |    |  Source: CA, Operators’ Returns  | Figure 5: Mobile Broadband Consumption  | During the quarter, the average mobile broadband consumption per subscription increased from 14.6 GB to  | 15.1 GB with 5G users recording the highest usage at 53.5 GB, as shown in Figure 6.  |"
_Sector Statistics Report Q3 2025-2026.pdf,12,Chart,Figure 5: Mobile Broadband Consumption,"|  Source: CA, Operators’ Returns  | Figure 5: Mobile Broadband Consumption  | During the quarter, the average mobile broadband consumption per subscription increased from 14.6 GB to  | 15.1 GB with 5G users recording the highest usage at 53.5 GB, as shown in Figure 6.  |   |   |    |   |   | Source: CA, Operators’ Returns  | Figure 6: Mobile Broadband Consumption per Broadband Subscription"
_Sector Statistics Report Q3 2025-2026.pdf,12,Chart,"15.1 GB with 5G users recording the highest usage at 53.5 GB, as shown in Figure 6.","Figure 5: Mobile Broadband Consumption  | During the quarter, the average mobile broadband consumption per subscription increased from 14.6 GB to  | 15.1 GB with 5G users recording the highest usage at 53.5 GB, as shown in Figure 6.  |   |   |    |   |   | Source: CA, Operators’ Returns  | Figure 6: Mobile Broadband Consumption per Broadband Subscription  |"
_Sector Statistics Report Q3 2025-2026.pdf,12,Chart,Figure 6: Mobile Broadband Consumption per Broadband Subscription,"| Source: CA, Operators’ Returns  | Figure 6: Mobile Broadband Consumption per Broadband Subscription  |"
_Sector Statistics Report Q3 2025-2026.pdf,13,Chart,"(68.9%), mobile broadband (64.5%) and mobile money (89.1%) as shown in Figure 7.","1.5 Market Shares in Subscriptions for Mobile Services  | During the reference period, Safaricom PLC maintained the highest market share in mobile subscriptions  | (68.9%), mobile broadband (64.5%) and mobile money (89.1%) as shown in Figure 7.   |   |   |   |   | Source: CA, Operators’ Returns  | Figure 7: Mobile Market Shares  |   | 1.6 Mobile Phone Devices   | Mobile phone devices connected to mobile networks totaled 78.7 million translating to a penetration rate4 of"
_Sector Statistics Report Q3 2025-2026.pdf,13,Chart,Figure 7: Mobile Market Shares,"| Source: CA, Operators’ Returns  | Figure 7: Mobile Market Shares  |   | 1.6 Mobile Phone Devices   | Mobile phone devices connected to mobile networks totaled 78.7 million translating to a penetration rate4 of  | 147.6 per cent as the end of reference period. Smartphones accounted for the largest share of 63.7 per cent  | of the total mobile phones.   |   |   | 4 Penetration Rate is calculated as a percent of total population  |"
_Sector Statistics Report Q3 2025-2026.pdf,14,Chart,Figure 8: Mobile Phone Devices,"| Source: CA, Operators’ Returns  | Figure 8: Mobile Phone Devices  |   | 1.7 Domestic Mobile Voice and SMS Traffic   | During the quarter under review, total domestic mobile voice minutes grew by 2.6 per cent to post 32.3  | billion minutes. On-net and off-net voice minutes were recorded at 27.1 billion and 5.2 billion minutes  | respectively. On the other hand, domestic SMS traffic dropped by 2.7 percent to 13.98 billion messages,  | with 12.7 billion on-net and 1.26 billion off net messages.  |   | Table 2:Domestic Mobile Traffic per Operator  | Name of Operator /Indicator"
_Sector Statistics Report Q3 2025-2026.pdf,15,Chart,Figure 9: Market Shares in Domestic Mobile Voice and SMS,"| Source: CA, Operators’ Returns  | Figure 9: Market Shares in Domestic Mobile Voice and SMS  |   | 1.9  Minutes/Month/Subscription vs SMS/Month/Subscription  | Minutes of Use (MoU) per subscription per month declined to 128.1 minutes from 133.9 minutes recorded  | in the preceding quarter. Similarly, the number of short messages sent per subscription per month dropped  | from 61 to 55 messages. This decline is attributable to increased customer preference for internet based  | services such as WhatsApp.  |"
_Sector Statistics Report Q3 2025-2026.pdf,16,Chart,Figure 10: MoU/Month/Subscription vs SMS/Month/Subscription,"| Source: CA, Operators’ Returns  | Figure 10: MoU/Month/Subscription vs SMS/Month/Subscription  |   | 1.10 International Mobile Traffic  | As shown in Table 4, total international incoming and  outgoing mobile voice traffic in minutes increased by  | 2.1 and 4.3 percent to 176.4 million minutes and 192.8 million minutes respectively. On the contrary, the  | incoming and outgoing international mobile SMS dropped to recorded at 5.1 million and 2.2 million  | messages, respectively.  |   | Table 4: International Mobile Traffic   | Indicator/Period"
_Sector Statistics Report Q3 2025-2026.pdf,17,Chart,during the review period is as shown in Figure 11.,"1.12 Tariffs, Promotions and Special Offers  | The number of approved applications for tariffs, and promotions & special offers filed by the operators  | during the review period is as shown in Figure 11.  |"
_Sector Statistics Report Q3 2025-2026.pdf,18,Chart,"Figure 11: Distribution of Tariffs, Promotions and Special Offer","| Source: CA  | Figure 11: Distribution of Tariffs, Promotions and Special Offer  |   | 1.13 Average Pay-As-You-Go (PAYG) Tariffs  | The average PAYG voice rates declined from 3.47 to 3.22, SMS rates dropped to 1.16, while data rates  | remained at 4.65 as shown in Table 7.  |   | Table 7: Average Pay-As-You-Go (PAYG) Tariffs  | Operator/Market  | Average Voice  | (KSh. /Min)"
_Sector Statistics Report Q3 2025-2026.pdf,19,Chart,Figure 12 presents the 12-month trend in fixed telephone subscriptions. Between March 2025 and March,"2.1 Fixed Telephone Subscriptions  |   | Figure 12 presents the 12-month trend in fixed telephone subscriptions. Between March 2025 and March  | 2026, fixed wireless telephone subscriptions increased from 1,607 to 1,665, while managed Voice over  | Internet Protocol telephone subscriptions grew from 47,217 to 47,884. In contrast, fixed line subscriptions  | declined from 6,567 to 6,092 over the same period.  |   |   |   | Source: CA, Operators’ Returns  | Figure 12: Fixed Voice Subscriptions  |"
_Sector Statistics Report Q3 2025-2026.pdf,19,Chart,Figure 12: Fixed Voice Subscriptions,"| Source: CA, Operators’ Returns  | Figure 12: Fixed Voice Subscriptions  |    | 2.2  Domestic Fixed Voice Traffic    | As shown in Table 8, both fixed wireless-to-fixed wireless and fixed-to-mobile voice traffic increased by  | 4.9 and 53.2 per cent respectively. However, fixed-to-fixed voice traffic declined by 7.4 percent, which may  | be attributed to the decline in fixed line subscriptions.    |   | Table 8: Domestic Fixed Voice Traffic (Minutes)  | Domestic Fixed Voice Traffic (Minutes)  | Jan-Mar 26"
Sector Statistics Report Q2 2025-2026.pdf,3,Chart,Figure 1: Mobile Subscriptions and Penetration ............................................................................. 1,| LIST OF FIGURES  | Figure 1: Mobile Subscriptions and Penetration ............................................................................. 1  | Figure 2: Mobile Subscription per Operator ................................................................................... 2  | Figure 3:Mobile Money Services.................................................................................................... 3  | Figure 4: Mobile Data Subscriptions .............................................................................................. 4  | Figure 5: Mobile Broadband Consumption .................................................................................... 4  | Figure 6: Mobile Broadband Consumption per Broadband Subscription ...................................... 5  | Figure 7: Mobile Market Shares ..................................................................................................... 5  | Figure 8: Mobile Phone Devices..................................................................................................... 6  | Figure 9: Market Shares in Domestic Mobile Voice and SMS ...................................................... 7  | Figure 10: MoU/Month/Subscription vs SMS/Month/Subscription ............................................... 8
Sector Statistics Report Q2 2025-2026.pdf,3,Chart,Figure 2: Mobile Subscription per Operator ................................................................................... 2,"LIST OF FIGURES  | Figure 1: Mobile Subscriptions and Penetration ............................................................................. 1  | Figure 2: Mobile Subscription per Operator ................................................................................... 2  | Figure 3:Mobile Money Services.................................................................................................... 3  | Figure 4: Mobile Data Subscriptions .............................................................................................. 4  | Figure 5: Mobile Broadband Consumption .................................................................................... 4  | Figure 6: Mobile Broadband Consumption per Broadband Subscription ...................................... 5  | Figure 7: Mobile Market Shares ..................................................................................................... 5  | Figure 8: Mobile Phone Devices..................................................................................................... 6  | Figure 9: Market Shares in Domestic Mobile Voice and SMS ...................................................... 7  | Figure 10: MoU/Month/Subscription vs SMS/Month/Subscription ............................................... 8  | Figure 11: Distribution of Tariffs, Promotions and Special Offer ................................................ 10"
Sector Statistics Report Q2 2025-2026.pdf,3,Chart,Figure 3:Mobile Money Services.................................................................................................... 3,"Figure 1: Mobile Subscriptions and Penetration ............................................................................. 1  | Figure 2: Mobile Subscription per Operator ................................................................................... 2  | Figure 3:Mobile Money Services.................................................................................................... 3  | Figure 4: Mobile Data Subscriptions .............................................................................................. 4  | Figure 5: Mobile Broadband Consumption .................................................................................... 4  | Figure 6: Mobile Broadband Consumption per Broadband Subscription ...................................... 5  | Figure 7: Mobile Market Shares ..................................................................................................... 5  | Figure 8: Mobile Phone Devices..................................................................................................... 6  | Figure 9: Market Shares in Domestic Mobile Voice and SMS ...................................................... 7  | Figure 10: MoU/Month/Subscription vs SMS/Month/Subscription ............................................... 8  | Figure 11: Distribution of Tariffs, Promotions and Special Offer ................................................ 10  | Figure 12: Fixed Voice Subscriptions .......................................................................................... 11"
Sector Statistics Report Q2 2025-2026.pdf,3,Chart,Figure 4: Mobile Data Subscriptions .............................................................................................. 4,"Figure 2: Mobile Subscription per Operator ................................................................................... 2  | Figure 3:Mobile Money Services.................................................................................................... 3  | Figure 4: Mobile Data Subscriptions .............................................................................................. 4  | Figure 5: Mobile Broadband Consumption .................................................................................... 4  | Figure 6: Mobile Broadband Consumption per Broadband Subscription ...................................... 5  | Figure 7: Mobile Market Shares ..................................................................................................... 5  | Figure 8: Mobile Phone Devices..................................................................................................... 6  | Figure 9: Market Shares in Domestic Mobile Voice and SMS ...................................................... 7  | Figure 10: MoU/Month/Subscription vs SMS/Month/Subscription ............................................... 8  | Figure 11: Distribution of Tariffs, Promotions and Special Offer ................................................ 10  | Figure 12: Fixed Voice Subscriptions .......................................................................................... 11  |"
Sector Statistics Report Q2 2025-2026.pdf,3,Chart,Figure 5: Mobile Broadband Consumption .................................................................................... 4,"Figure 3:Mobile Money Services.................................................................................................... 3  | Figure 4: Mobile Data Subscriptions .............................................................................................. 4  | Figure 5: Mobile Broadband Consumption .................................................................................... 4  | Figure 6: Mobile Broadband Consumption per Broadband Subscription ...................................... 5  | Figure 7: Mobile Market Shares ..................................................................................................... 5  | Figure 8: Mobile Phone Devices..................................................................................................... 6  | Figure 9: Market Shares in Domestic Mobile Voice and SMS ...................................................... 7  | Figure 10: MoU/Month/Subscription vs SMS/Month/Subscription ............................................... 8  | Figure 11: Distribution of Tariffs, Promotions and Special Offer ................................................ 10  | Figure 12: Fixed Voice Subscriptions .......................................................................................... 11  |   |"
Sector Statistics Report Q2 2025-2026.pdf,3,Chart,Figure 6: Mobile Broadband Consumption per Broadband Subscription ...................................... 5,"Figure 4: Mobile Data Subscriptions .............................................................................................. 4  | Figure 5: Mobile Broadband Consumption .................................................................................... 4  | Figure 6: Mobile Broadband Consumption per Broadband Subscription ...................................... 5  | Figure 7: Mobile Market Shares ..................................................................................................... 5  | Figure 8: Mobile Phone Devices..................................................................................................... 6  | Figure 9: Market Shares in Domestic Mobile Voice and SMS ...................................................... 7  | Figure 10: MoU/Month/Subscription vs SMS/Month/Subscription ............................................... 8  | Figure 11: Distribution of Tariffs, Promotions and Special Offer ................................................ 10  | Figure 12: Fixed Voice Subscriptions .......................................................................................... 11  |   |   |"
Sector Statistics Report Q2 2025-2026.pdf,3,Chart,Figure 7: Mobile Market Shares ..................................................................................................... 5,"Figure 5: Mobile Broadband Consumption .................................................................................... 4  | Figure 6: Mobile Broadband Consumption per Broadband Subscription ...................................... 5  | Figure 7: Mobile Market Shares ..................................................................................................... 5  | Figure 8: Mobile Phone Devices..................................................................................................... 6  | Figure 9: Market Shares in Domestic Mobile Voice and SMS ...................................................... 7  | Figure 10: MoU/Month/Subscription vs SMS/Month/Subscription ............................................... 8  | Figure 11: Distribution of Tariffs, Promotions and Special Offer ................................................ 10  | Figure 12: Fixed Voice Subscriptions .......................................................................................... 11  |   |   |"
Sector Statistics Report Q2 2025-2026.pdf,3,Chart,Figure 8: Mobile Phone Devices..................................................................................................... 6,"Figure 6: Mobile Broadband Consumption per Broadband Subscription ...................................... 5  | Figure 7: Mobile Market Shares ..................................................................................................... 5  | Figure 8: Mobile Phone Devices..................................................................................................... 6  | Figure 9: Market Shares in Domestic Mobile Voice and SMS ...................................................... 7  | Figure 10: MoU/Month/Subscription vs SMS/Month/Subscription ............................................... 8  | Figure 11: Distribution of Tariffs, Promotions and Special Offer ................................................ 10  | Figure 12: Fixed Voice Subscriptions .......................................................................................... 11  |   |   |"
Sector Statistics Report Q2 2025-2026.pdf,3,Chart,Figure 9: Market Shares in Domestic Mobile Voice and SMS ...................................................... 7,"Figure 7: Mobile Market Shares ..................................................................................................... 5  | Figure 8: Mobile Phone Devices..................................................................................................... 6  | Figure 9: Market Shares in Domestic Mobile Voice and SMS ...................................................... 7  | Figure 10: MoU/Month/Subscription vs SMS/Month/Subscription ............................................... 8  | Figure 11: Distribution of Tariffs, Promotions and Special Offer ................................................ 10  | Figure 12: Fixed Voice Subscriptions .......................................................................................... 11  |   |   |"
Sector Statistics Report Q2 2025-2026.pdf,3,Chart,Figure 10: MoU/Month/Subscription vs SMS/Month/Subscription ............................................... 8,"Figure 8: Mobile Phone Devices..................................................................................................... 6  | Figure 9: Market Shares in Domestic Mobile Voice and SMS ...................................................... 7  | Figure 10: MoU/Month/Subscription vs SMS/Month/Subscription ............................................... 8  | Figure 11: Distribution of Tariffs, Promotions and Special Offer ................................................ 10  | Figure 12: Fixed Voice Subscriptions .......................................................................................... 11  |   |   |"
Sector Statistics Report Q2 2025-2026.pdf,3,Chart,"Figure 11: Distribution of Tariffs, Promotions and Special Offer ................................................ 10","Figure 9: Market Shares in Domestic Mobile Voice and SMS ...................................................... 7  | Figure 10: MoU/Month/Subscription vs SMS/Month/Subscription ............................................... 8  | Figure 11: Distribution of Tariffs, Promotions and Special Offer ................................................ 10  | Figure 12: Fixed Voice Subscriptions .......................................................................................... 11  |   |   |"
Sector Statistics Report Q2 2025-2026.pdf,3,Chart,Figure 12: Fixed Voice Subscriptions .......................................................................................... 11,"Figure 10: MoU/Month/Subscription vs SMS/Month/Subscription ............................................... 8  | Figure 11: Distribution of Tariffs, Promotions and Special Offer ................................................ 10  | Figure 12: Fixed Voice Subscriptions .......................................................................................... 11  |   |   |"
Sector Statistics Report Q2 2025-2026.pdf,8,Chart,"translating to a penetration rate of 149.5 per cent as of 31st December 2025, as shown in Figure 1.","1.1 Mobile (SIM) Subscriptions  | During the second quarter of FY 2025/26 mobile (SIM) subscriptions grew by 0.1 per cent to 78.4 million,  | translating to a penetration rate of 149.5 per cent as of 31st December 2025, as shown in Figure 1.   |   | Figure 1 illustrates the trends in mobile (SIM) subscriptions and the respective penetration rates.  |   |   | Source: CA, Operators’ Returns, Provisional Data for Telkom Kenya Limited  | Figure 1: Mobile Subscriptions and Penetration  |   | The number of active mobile (SIM) subscriptions per operator by contract type is as shown in Figure 2. Pre- | paid to postpaid ratio of mobile subscriptions was 98.0 to 2.0."
Sector Statistics Report Q2 2025-2026.pdf,8,Chart,Figure 1 illustrates the trends in mobile (SIM) subscriptions and the respective penetration rates.,"translating to a penetration rate of 149.5 per cent as of 31st December 2025, as shown in Figure 1.   |   | Figure 1 illustrates the trends in mobile (SIM) subscriptions and the respective penetration rates.  |   |   | Source: CA, Operators’ Returns, Provisional Data for Telkom Kenya Limited  | Figure 1: Mobile Subscriptions and Penetration  |   | The number of active mobile (SIM) subscriptions per operator by contract type is as shown in Figure 2. Pre- | paid to postpaid ratio of mobile subscriptions was 98.0 to 2.0.  |"
Sector Statistics Report Q2 2025-2026.pdf,8,Chart,Figure 1: Mobile Subscriptions and Penetration,"| Source: CA, Operators’ Returns, Provisional Data for Telkom Kenya Limited  | Figure 1: Mobile Subscriptions and Penetration  |   | The number of active mobile (SIM) subscriptions per operator by contract type is as shown in Figure 2. Pre- | paid to postpaid ratio of mobile subscriptions was 98.0 to 2.0.  |"
Sector Statistics Report Q2 2025-2026.pdf,8,Chart,The number of active mobile (SIM) subscriptions per operator by contract type is as shown in Figure 2. Pre-,Figure 1: Mobile Subscriptions and Penetration  |   | The number of active mobile (SIM) subscriptions per operator by contract type is as shown in Figure 2. Pre- | paid to postpaid ratio of mobile subscriptions was 98.0 to 2.0.  |
Sector Statistics Report Q2 2025-2026.pdf,9,Chart,Figure 2: Mobile Subscription per Operator,"| Source: CA, Operators’ Returns, Provisional Data for Telkom Kenya Limited  | Figure 2: Mobile Subscription per Operator  |   | 1.2 Machine-to-Machine (M2M) Subscriptions   | Machine-to-Machine (M2M) subscriptions that comprise SIM cards assigned for use in machines declined  | by 1.3 per cent to 1.84 million as at the end of the reference period as shown in Table 1.  |   | Table 1: Machine-to-Machine (M2M) Subscriptions  | Indicator/Period  | Dec-25  | Sep-25"
Sector Statistics Report Q2 2025-2026.pdf,9,Chart,of 5.6 per cent translating to penetration rate of 98.0 per cent by end of December 2025 as shown in Figure,1.3 Mobile Money Services  | The mobile money market sub-segment reported remarkable growth in the quarter with subscription growth  | of 5.6 per cent translating to penetration rate of 98.0 per cent by end of December 2025 as shown in Figure  | 3.  This growth is mainly attributed to the busy festive season that coincides with the reference period.  |   | Figure 3 illustrates the trends in mobile money subscriptions and the respective penetration rates.  |
Sector Statistics Report Q2 2025-2026.pdf,9,Chart,Figure 3 illustrates the trends in mobile money subscriptions and the respective penetration rates.,3.  This growth is mainly attributed to the busy festive season that coincides with the reference period.  |   | Figure 3 illustrates the trends in mobile money subscriptions and the respective penetration rates.  |
Sector Statistics Report Q2 2025-2026.pdf,10,Chart,Figure 3:Mobile Money Services,"| Source: CA, Operators’ Returns, Provisional Data for Telkom Kenya Limited  | Figure 3:Mobile Money Services  |   | 1.4 Mobile Data and Broadband1 Services  | Mobile data subscriptions grew by 2.9 per cent to record 61.9 million during the reference period of which  | 83.2 per cent were on mobile broadband. Notably, 2G and 3G subscriptions continued to decline as 4G and  | 5G subscriptions maintained an upward trend as shown in Figure 4.  |   |   | 1 Mobile broadband includes 3G, 4G and 5G  |"
Sector Statistics Report Q2 2025-2026.pdf,10,Chart,5G subscriptions maintained an upward trend as shown in Figure 4.,"Mobile data subscriptions grew by 2.9 per cent to record 61.9 million during the reference period of which  | 83.2 per cent were on mobile broadband. Notably, 2G and 3G subscriptions continued to decline as 4G and  | 5G subscriptions maintained an upward trend as shown in Figure 4.  |   |   | 1 Mobile broadband includes 3G, 4G and 5G  |"
Sector Statistics Report Q2 2025-2026.pdf,11,Chart,Figure 4: Mobile Data Subscriptions,"| Source: CA, Operators’ Returns, Provisional Data for Telkom Kenya Limited  | Figure 4: Mobile Data Subscriptions  | In the quarter, mobile broadband consumption grew by 12.0 per cent to 755,095.1 TB. Data consumption  | across 4G and 5G technologies continued to grow while 3G maintained a downward trend as shown in  | Figure 5.   |   |   |    |  Source: CA, Operators’ Returns, Provisional Data for Telkom Kenya Limited  | Figure 5: Mobile Broadband Consumption  |"
Sector Statistics Report Q2 2025-2026.pdf,11,Chart,Figure 5.,"In the quarter, mobile broadband consumption grew by 12.0 per cent to 755,095.1 TB. Data consumption  | across 4G and 5G technologies continued to grow while 3G maintained a downward trend as shown in  | Figure 5.   |   |   |    |  Source: CA, Operators’ Returns, Provisional Data for Telkom Kenya Limited  | Figure 5: Mobile Broadband Consumption  |   | The average mobile broadband consumption per broadband subscription increased to 14.6 GB from 14.3 GB  | with 5G users recording the highest consumption at 46.4 GB as shown in Figure 6.  |"
Sector Statistics Report Q2 2025-2026.pdf,11,Chart,Figure 5: Mobile Broadband Consumption,"|  Source: CA, Operators’ Returns, Provisional Data for Telkom Kenya Limited  | Figure 5: Mobile Broadband Consumption  |   | The average mobile broadband consumption per broadband subscription increased to 14.6 GB from 14.3 GB  | with 5G users recording the highest consumption at 46.4 GB as shown in Figure 6.  |"
Sector Statistics Report Q2 2025-2026.pdf,11,Chart,with 5G users recording the highest consumption at 46.4 GB as shown in Figure 6.,| The average mobile broadband consumption per broadband subscription increased to 14.6 GB from 14.3 GB  | with 5G users recording the highest consumption at 46.4 GB as shown in Figure 6.  |
Sector Statistics Report Q2 2025-2026.pdf,12,Chart,Figure 6: Mobile Broadband Consumption per Broadband Subscription,"| Source: CA, Operators’ Returns, Provisional Data for Telkom Kenya Limited  | Figure 6: Mobile Broadband Consumption per Broadband Subscription  |   |   | 1.5 Market Shares in Subscriptions for Mobile Services  | Safaricom PLC maintained the highest market share in mobile subscriptions (66.8%), mobile broadband  | (64.3%) and mobile money (89.0%) as shown in Figure 7.   |   |   | Source: CA, Operators’ Returns, Provisional Data for Telkom Kenya Limited  | Figure 7: Mobile Market Shares"
Sector Statistics Report Q2 2025-2026.pdf,12,Chart,(64.3%) and mobile money (89.0%) as shown in Figure 7.,"1.5 Market Shares in Subscriptions for Mobile Services  | Safaricom PLC maintained the highest market share in mobile subscriptions (66.8%), mobile broadband  | (64.3%) and mobile money (89.0%) as shown in Figure 7.   |   |   | Source: CA, Operators’ Returns, Provisional Data for Telkom Kenya Limited  | Figure 7: Mobile Market Shares  |"
Sector Statistics Report Q2 2025-2026.pdf,12,Chart,Figure 7: Mobile Market Shares,"| Source: CA, Operators’ Returns, Provisional Data for Telkom Kenya Limited  | Figure 7: Mobile Market Shares  |"
Sector Statistics Report Q2 2025-2026.pdf,13,Chart,Figure 8.,"translating to a penetration rate of 149.4 per cent. Penetration of smartphones maintained an upward trend at  | 92.9 per cent while penetration of feature phones continued to decline at 56.5 per cent per as illustrated in  | Figure 8.  |   |   | Source: CA, Operators’Returns, Provisional Data for Telkom Kenya Limited  | Figure 8: Mobile Phone Devices  |   | 1.7 Domestic Mobile Voice and SMS Traffic   | Total domestic voice minutes grew by 5.2 per cent to 31.5 billion minutes with on-net voice accounting for  | 83.1 per cent. SMS traffic declined to 14.4 billion from 14.7 billion recorded last quarter probably due to  | growing uptake of internet-based messaging services."
Sector Statistics Report Q2 2025-2026.pdf,13,Chart,Figure 8: Mobile Phone Devices,"| Source: CA, Operators’Returns, Provisional Data for Telkom Kenya Limited  | Figure 8: Mobile Phone Devices  |   | 1.7 Domestic Mobile Voice and SMS Traffic   | Total domestic voice minutes grew by 5.2 per cent to 31.5 billion minutes with on-net voice accounting for  | 83.1 per cent. SMS traffic declined to 14.4 billion from 14.7 billion recorded last quarter probably due to  | growing uptake of internet-based messaging services.   |   | Table 2:Domestic Mobile Traffic per Operator  | Name of Operator /Indicator  | Safaricom PLC"
Sector Statistics Report Q2 2025-2026.pdf,14,Chart,Figure 9: Market Shares in Domestic Mobile Voice and SMS,"| Source: CA, Operators’ Returns, Provisional Data for Telkom Kenya Limited  | Figure 9: Market Shares in Domestic Mobile Voice and SMS  |   | 1.9  Minutes/Month/Subscription vs SMS/Month/Subscription  | Minutes of Use per subscription per month increased to 133.9 in the second quarter from 127.5 minutes  | whereas short messages per subscription dropped to 61.1 from 62.4 messages reported last quarter as shown  | in Figure 10.   |"
Sector Statistics Report Q2 2025-2026.pdf,14,Chart,in Figure 10.,Minutes of Use per subscription per month increased to 133.9 in the second quarter from 127.5 minutes  | whereas short messages per subscription dropped to 61.1 from 62.4 messages reported last quarter as shown  | in Figure 10.   |
Sector Statistics Report Q2 2025-2026.pdf,15,Chart,Figure 10: MoU/Month/Subscription vs SMS/Month/Subscription,"| Source: CA, Operators’ Returns, Provisional Data for Telkom Kenya Limited  | Figure 10: MoU/Month/Subscription vs SMS/Month/Subscription  |   | 1.10 International Mobile Traffic  | International incoming mobile voice traffic grew by 4.0 per cent to 172.7 million, whereas outgoing traffic  | declined by 16.3 per cent to 184.9 million minutes. Traffic from and to EAC countries accounted for 68.5  | per cent and 71.0 per cent respectively. International incoming and outgoing messages grew by 3.1 and 0.9  | per cent to post 5.6 million and 2.5 million messages respectively.    |   | Table 4: International Mobile Traffic   | Indicator/Period"
Sector Statistics Report Q2 2025-2026.pdf,16,Chart,during the review period is as shown in Figure 11.,"1.12 Tariffs, Promotions and Special Offers  | The number of approved applications for tariffs, and promotions & special offers filed by the operators  | during the review period is as shown in Figure 11.  |"
Sector Statistics Report Q2 2025-2026.pdf,17,Chart,"Figure 11: Distribution of Tariffs, Promotions and Special Offer","| Source: CA  | Figure 11: Distribution of Tariffs, Promotions and Special Offer  |   | 1.13 Average Pay-As-You-Go (PAYG) Tariffs  | The average PAYG rates for voice (3.47), SMS (1.18), and data (4.65) were as shown in Table 7.  |   | Table 7: Average Pay-As-You-Go (PAYG) Tariffs  | Operator/Market  |   | Voice (KES/Min)  | SMS (KES/SMS)"
Sector Statistics Report Q2 2025-2026.pdf,17,Chart,"referred to as voice over broadband declined to 45,437 from 47,842 as shown in Figure 12.","Fixed wireless and fixed line subscriptions grew from 1,654 and 6,095 in the previous quarter to 1,664 and  | 6,486, respectively, in the quarter under review. On the other hand, managed voice-over-IP (VoIP), also  | referred to as voice over broadband declined to 45,437 from 47,842 as shown in Figure 12.  |"
Sector Statistics Report Q2 2025-2026.pdf,18,Chart,Figure 12: Fixed Voice Subscriptions,"| Source: CA, Operators’ Returns, Provisional Data for Telkom Kenya Limited  | Figure 12: Fixed Voice Subscriptions  |    | 2.2  Domestic Fixed Voice Traffic    | As shown in Table 8, both fixed to fixed and fixed to mobile traffic declined during the quarter under  | review, while fixed wireless to fixed wireless traffic recorded a marginal growth of 0.8 percent.  |   | Table 8: Domestic Fixed Voice Traffic (Minutes)  | Domestic Fixed Voice Traffic (Minutes)  | Oct-Dec 25  | Jul-Sep 25"
Sector Statistics Report Q1 2025-2026_0.pdf,3,Chart,Figure 1: Mobile Subscriptions and Penetration ............................................................................. 1,| LIST OF FIGURES  | Figure 1: Mobile Subscriptions and Penetration ............................................................................. 1  | Figure 2: Mobile Subscription per Operator ................................................................................... 2  | Figure 3:Mobile Money Services.................................................................................................... 3  | Figure 4: Mobile Data Subscriptions .............................................................................................. 4  | Figure 5: Mobile Broadband Consumption .................................................................................... 5  | Figure 6: Mobile Broadband Consumption per Broadband Subscription ...................................... 5  | Figure 7: Mobile Market Shares ..................................................................................................... 6  | Figure 8: Mobile Phone Devices..................................................................................................... 7  | Figure 9: Market Shares in Domestic Mobile Voice and SMS ...................................................... 8  | Figure 10: MoU/Month/Subscription vs SMS/Month/Subscription ............................................... 9
Sector Statistics Report Q1 2025-2026_0.pdf,3,Chart,Figure 2: Mobile Subscription per Operator ................................................................................... 2,"LIST OF FIGURES  | Figure 1: Mobile Subscriptions and Penetration ............................................................................. 1  | Figure 2: Mobile Subscription per Operator ................................................................................... 2  | Figure 3:Mobile Money Services.................................................................................................... 3  | Figure 4: Mobile Data Subscriptions .............................................................................................. 4  | Figure 5: Mobile Broadband Consumption .................................................................................... 5  | Figure 6: Mobile Broadband Consumption per Broadband Subscription ...................................... 5  | Figure 7: Mobile Market Shares ..................................................................................................... 6  | Figure 8: Mobile Phone Devices..................................................................................................... 7  | Figure 9: Market Shares in Domestic Mobile Voice and SMS ...................................................... 8  | Figure 10: MoU/Month/Subscription vs SMS/Month/Subscription ............................................... 9  | Figure 11: Distribution of Tariffs, Promotions and Special Offer ................................................ 11"
Sector Statistics Report Q1 2025-2026_0.pdf,3,Chart,Figure 3:Mobile Money Services.................................................................................................... 3,"Figure 1: Mobile Subscriptions and Penetration ............................................................................. 1  | Figure 2: Mobile Subscription per Operator ................................................................................... 2  | Figure 3:Mobile Money Services.................................................................................................... 3  | Figure 4: Mobile Data Subscriptions .............................................................................................. 4  | Figure 5: Mobile Broadband Consumption .................................................................................... 5  | Figure 6: Mobile Broadband Consumption per Broadband Subscription ...................................... 5  | Figure 7: Mobile Market Shares ..................................................................................................... 6  | Figure 8: Mobile Phone Devices..................................................................................................... 7  | Figure 9: Market Shares in Domestic Mobile Voice and SMS ...................................................... 8  | Figure 10: MoU/Month/Subscription vs SMS/Month/Subscription ............................................... 9  | Figure 11: Distribution of Tariffs, Promotions and Special Offer ................................................ 11  | Figure 12: Fixed Voice Subscriptions........................................................................................... 12"
Sector Statistics Report Q1 2025-2026_0.pdf,3,Chart,Figure 4: Mobile Data Subscriptions .............................................................................................. 4,"Figure 2: Mobile Subscription per Operator ................................................................................... 2  | Figure 3:Mobile Money Services.................................................................................................... 3  | Figure 4: Mobile Data Subscriptions .............................................................................................. 4  | Figure 5: Mobile Broadband Consumption .................................................................................... 5  | Figure 6: Mobile Broadband Consumption per Broadband Subscription ...................................... 5  | Figure 7: Mobile Market Shares ..................................................................................................... 6  | Figure 8: Mobile Phone Devices..................................................................................................... 7  | Figure 9: Market Shares in Domestic Mobile Voice and SMS ...................................................... 8  | Figure 10: MoU/Month/Subscription vs SMS/Month/Subscription ............................................... 9  | Figure 11: Distribution of Tariffs, Promotions and Special Offer ................................................ 11  | Figure 12: Fixed Voice Subscriptions........................................................................................... 12  |"
Sector Statistics Report Q1 2025-2026_0.pdf,3,Chart,Figure 5: Mobile Broadband Consumption .................................................................................... 5,"Figure 3:Mobile Money Services.................................................................................................... 3  | Figure 4: Mobile Data Subscriptions .............................................................................................. 4  | Figure 5: Mobile Broadband Consumption .................................................................................... 5  | Figure 6: Mobile Broadband Consumption per Broadband Subscription ...................................... 5  | Figure 7: Mobile Market Shares ..................................................................................................... 6  | Figure 8: Mobile Phone Devices..................................................................................................... 7  | Figure 9: Market Shares in Domestic Mobile Voice and SMS ...................................................... 8  | Figure 10: MoU/Month/Subscription vs SMS/Month/Subscription ............................................... 9  | Figure 11: Distribution of Tariffs, Promotions and Special Offer ................................................ 11  | Figure 12: Fixed Voice Subscriptions........................................................................................... 12  |   |"
Sector Statistics Report Q1 2025-2026_0.pdf,3,Chart,Figure 6: Mobile Broadband Consumption per Broadband Subscription ...................................... 5,"Figure 4: Mobile Data Subscriptions .............................................................................................. 4  | Figure 5: Mobile Broadband Consumption .................................................................................... 5  | Figure 6: Mobile Broadband Consumption per Broadband Subscription ...................................... 5  | Figure 7: Mobile Market Shares ..................................................................................................... 6  | Figure 8: Mobile Phone Devices..................................................................................................... 7  | Figure 9: Market Shares in Domestic Mobile Voice and SMS ...................................................... 8  | Figure 10: MoU/Month/Subscription vs SMS/Month/Subscription ............................................... 9  | Figure 11: Distribution of Tariffs, Promotions and Special Offer ................................................ 11  | Figure 12: Fixed Voice Subscriptions........................................................................................... 12  |   |   |"
Sector Statistics Report Q1 2025-2026_0.pdf,3,Chart,Figure 7: Mobile Market Shares ..................................................................................................... 6,"Figure 5: Mobile Broadband Consumption .................................................................................... 5  | Figure 6: Mobile Broadband Consumption per Broadband Subscription ...................................... 5  | Figure 7: Mobile Market Shares ..................................................................................................... 6  | Figure 8: Mobile Phone Devices..................................................................................................... 7  | Figure 9: Market Shares in Domestic Mobile Voice and SMS ...................................................... 8  | Figure 10: MoU/Month/Subscription vs SMS/Month/Subscription ............................................... 9  | Figure 11: Distribution of Tariffs, Promotions and Special Offer ................................................ 11  | Figure 12: Fixed Voice Subscriptions........................................................................................... 12  |   |   |   |"
Sector Statistics Report Q1 2025-2026_0.pdf,3,Chart,Figure 8: Mobile Phone Devices..................................................................................................... 7,"Figure 6: Mobile Broadband Consumption per Broadband Subscription ...................................... 5  | Figure 7: Mobile Market Shares ..................................................................................................... 6  | Figure 8: Mobile Phone Devices..................................................................................................... 7  | Figure 9: Market Shares in Domestic Mobile Voice and SMS ...................................................... 8  | Figure 10: MoU/Month/Subscription vs SMS/Month/Subscription ............................................... 9  | Figure 11: Distribution of Tariffs, Promotions and Special Offer ................................................ 11  | Figure 12: Fixed Voice Subscriptions........................................................................................... 12  |   |   |   |   |"
Sector Statistics Report Q1 2025-2026_0.pdf,3,Chart,Figure 9: Market Shares in Domestic Mobile Voice and SMS ...................................................... 8,"Figure 7: Mobile Market Shares ..................................................................................................... 6  | Figure 8: Mobile Phone Devices..................................................................................................... 7  | Figure 9: Market Shares in Domestic Mobile Voice and SMS ...................................................... 8  | Figure 10: MoU/Month/Subscription vs SMS/Month/Subscription ............................................... 9  | Figure 11: Distribution of Tariffs, Promotions and Special Offer ................................................ 11  | Figure 12: Fixed Voice Subscriptions........................................................................................... 12  |   |   |   |   |   |"
Sector Statistics Report Q1 2025-2026_0.pdf,3,Chart,Figure 10: MoU/Month/Subscription vs SMS/Month/Subscription ............................................... 9,"Figure 8: Mobile Phone Devices..................................................................................................... 7  | Figure 9: Market Shares in Domestic Mobile Voice and SMS ...................................................... 8  | Figure 10: MoU/Month/Subscription vs SMS/Month/Subscription ............................................... 9  | Figure 11: Distribution of Tariffs, Promotions and Special Offer ................................................ 11  | Figure 12: Fixed Voice Subscriptions........................................................................................... 12  |   |   |   |   |   |   |"
Sector Statistics Report Q1 2025-2026_0.pdf,3,Chart,"Figure 11: Distribution of Tariffs, Promotions and Special Offer ................................................ 11","Figure 9: Market Shares in Domestic Mobile Voice and SMS ...................................................... 8  | Figure 10: MoU/Month/Subscription vs SMS/Month/Subscription ............................................... 9  | Figure 11: Distribution of Tariffs, Promotions and Special Offer ................................................ 11  | Figure 12: Fixed Voice Subscriptions........................................................................................... 12  |   |   |   |   |   |   |   |"
Sector Statistics Report Q1 2025-2026_0.pdf,3,Chart,Figure 12: Fixed Voice Subscriptions........................................................................................... 12,"Figure 10: MoU/Month/Subscription vs SMS/Month/Subscription ............................................... 9  | Figure 11: Distribution of Tariffs, Promotions and Special Offer ................................................ 11  | Figure 12: Fixed Voice Subscriptions........................................................................................... 12  |   |   |   |   |   |   |   |"
Sector Statistics Report Q1 2025-2026_0.pdf,8,Chart,"marking a penetration rate of 149.4 per cent as of 30th September 2025, as shown in Figure 1. This growth is","1.1 Mobile (SIM) Subscriptions  | During the first quarter of FY 2025/26, mobile (SIM) subscriptions grew by 2.1 per cent to 78.3 million,  | marking a penetration rate of 149.4 per cent as of 30th September 2025, as shown in Figure 1. This growth is  | mainly attributed to the continued expansion of mobile networks and ever-growing demand for mobile  | services.   |   | Figure 1 illustrates the trends in mobile (SIM) subscriptions and the respective penetration rates.  |   |   | Source: CA, Operators’ Returns, Provisional Data for Telkom Kenya Limited  | Figure 1: Mobile Subscriptions and Penetration  |"
Sector Statistics Report Q1 2025-2026_0.pdf,8,Chart,Figure 1 illustrates the trends in mobile (SIM) subscriptions and the respective penetration rates.,"services.   |   | Figure 1 illustrates the trends in mobile (SIM) subscriptions and the respective penetration rates.  |   |   | Source: CA, Operators’ Returns, Provisional Data for Telkom Kenya Limited  | Figure 1: Mobile Subscriptions and Penetration  |   | The ratio of pre-paid to postpaid mobile subscriptions was 98.0 to 2.0. The number of active mobile (SIM)  | subscriptions per operator by contract type is as shown in Figure 2.  |"
Sector Statistics Report Q1 2025-2026_0.pdf,8,Chart,Figure 1: Mobile Subscriptions and Penetration,"| Source: CA, Operators’ Returns, Provisional Data for Telkom Kenya Limited  | Figure 1: Mobile Subscriptions and Penetration  |   | The ratio of pre-paid to postpaid mobile subscriptions was 98.0 to 2.0. The number of active mobile (SIM)  | subscriptions per operator by contract type is as shown in Figure 2.  |"
Sector Statistics Report Q1 2025-2026_0.pdf,8,Chart,subscriptions per operator by contract type is as shown in Figure 2.,| The ratio of pre-paid to postpaid mobile subscriptions was 98.0 to 2.0. The number of active mobile (SIM)  | subscriptions per operator by contract type is as shown in Figure 2.  |
Sector Statistics Report Q1 2025-2026_0.pdf,9,Chart,Figure 2: Mobile Subscription per Operator,"| Source: CA, Operators’ Returns, Provisional Data for Telkom Kenya Limited  | Figure 2: Mobile Subscription per Operator  |   | 1.2 Machine-to-Machine (M2M) Subscriptions   | Machine-to-Machine (M2M) subscriptions that comprise SIM cards assigned for use in machines grew by  | 4.1 per cent to 1.86 million as at the end of the reference period as shown in Table 1.  |   | Table 1: Machine-to-Machine (M2M) Subscriptions  | Indicator/Period  | Sep-25  | Jun-25"
Sector Statistics Report Q1 2025-2026_0.pdf,9,Chart,Figure 3 illustrates the trends in mobile money subscriptions and penetration rates.,rate of 92.8 per cent compared to 91.0 per cent reported by end of June 2025.    |   | Figure 3 illustrates the trends in mobile money subscriptions and penetration rates.   |   |
Sector Statistics Report Q1 2025-2026_0.pdf,10,Chart,Figure 3:Mobile Money Services,"| Source: CA, Operators’ Returns,   | Figure 3:Mobile Money Services  |   | 1.4 Mobile Data and Broadband1 Services  | Mobile data remains to be a fundamental drive for internet connectivity in the country fostering socio- | economic development and expanding access to services and information. Mobile data subscriptions were  | recorded at 60.2 million by end of the first quarter of the current financial year, of which 78.3 per cent were  | on mobile broadband.   |   | Notably, 4G subscriptions constituted 84.8 per cent of the total mobile broadband subscriptions. The uptake  | of mobile data/internet services for the past five (5) quarters is as shown in Figure 4."
Sector Statistics Report Q1 2025-2026_0.pdf,10,Chart,of mobile data/internet services for the past five (5) quarters is as shown in Figure 4.,"| Notably, 4G subscriptions constituted 84.8 per cent of the total mobile broadband subscriptions. The uptake  | of mobile data/internet services for the past five (5) quarters is as shown in Figure 4.  |   |   | 1 Mobile broadband includes 3G, 4G and 5G  |"
Sector Statistics Report Q1 2025-2026_0.pdf,11,Chart,Figure 4: Mobile Data Subscriptions,"| Source: CA, Operators’ Returns, Provisional Data for Telkom Kenya Limited  | Figure 4: Mobile Data Subscriptions  | Data consumption across 4G and 5G technologies continued to grow while 3G maintained a downward  | trend as shown in Figure 5.   |    |   |   |"
Sector Statistics Report Q1 2025-2026_0.pdf,11,Chart,trend as shown in Figure 5.,Figure 4: Mobile Data Subscriptions  | Data consumption across 4G and 5G technologies continued to grow while 3G maintained a downward  | trend as shown in Figure 5.   |    |   |   |
Sector Statistics Report Q1 2025-2026_0.pdf,12,Chart,Figure 5: Mobile Broadband Consumption,"|  Source: CA, Operators’, Provisional data for Telkom Kenya Limited  | Figure 5: Mobile Broadband Consumption  |   | The average mobile broadband consumption per broadband subscription was 14.3 GB with 5G users  | recording the highest consumption at 40.0 GB followed by 4G at 14.1 GB as shown in Figure 6.  |   |   | Source: CA, Operators’, Provisional data for Telkom Kenya Limited  | Figure 6: Mobile Broadband Consumption per Broadband Subscription  |   |"
Sector Statistics Report Q1 2025-2026_0.pdf,12,Chart,recording the highest consumption at 40.0 GB followed by 4G at 14.1 GB as shown in Figure 6.,"| The average mobile broadband consumption per broadband subscription was 14.3 GB with 5G users  | recording the highest consumption at 40.0 GB followed by 4G at 14.1 GB as shown in Figure 6.  |   |   | Source: CA, Operators’, Provisional data for Telkom Kenya Limited  | Figure 6: Mobile Broadband Consumption per Broadband Subscription  |   |"
Sector Statistics Report Q1 2025-2026_0.pdf,12,Chart,Figure 6: Mobile Broadband Consumption per Broadband Subscription,"| Source: CA, Operators’, Provisional data for Telkom Kenya Limited  | Figure 6: Mobile Broadband Consumption per Broadband Subscription  |   |"
Sector Statistics Report Q1 2025-2026_0.pdf,13,Chart,respective mobile services is as shown in Figure 7.,"Safaricom PLC maintained the highest market shares across mobile subscriptions, mobile broadband and  | mobile money at 65.3, 62.7 and 89.7 per cent respectively. The market share in subscriptions for the  | respective mobile services is as shown in Figure 7.   |   |   | Source: CA, Operators’, Provisional data for Telkom Kenya Limited  | Figure 7: Mobile Market Shares  |   | 1.6 Mobile Phone Devices   | By end of September 2025, the total mobile phones connected to mobile networks was 75.0 million,  | translating to a penetration rate of 143.1 per cent, out of which 59.5 per cent were smartphones. As shown in  | Figure 8, Smartphone and feature phone penetration rates stood at 85.2 per cent and 57.9 per cent,"
Sector Statistics Report Q1 2025-2026_0.pdf,13,Chart,Figure 7: Mobile Market Shares,"| Source: CA, Operators’, Provisional data for Telkom Kenya Limited  | Figure 7: Mobile Market Shares  |   | 1.6 Mobile Phone Devices   | By end of September 2025, the total mobile phones connected to mobile networks was 75.0 million,  | translating to a penetration rate of 143.1 per cent, out of which 59.5 per cent were smartphones. As shown in  | Figure 8, Smartphone and feature phone penetration rates stood at 85.2 per cent and 57.9 per cent,  | respectively, as illustrated in Figure 8.  |"
Sector Statistics Report Q1 2025-2026_0.pdf,13,Chart,"Figure 8, Smartphone and feature phone penetration rates stood at 85.2 per cent and 57.9 per cent,","By end of September 2025, the total mobile phones connected to mobile networks was 75.0 million,  | translating to a penetration rate of 143.1 per cent, out of which 59.5 per cent were smartphones. As shown in  | Figure 8, Smartphone and feature phone penetration rates stood at 85.2 per cent and 57.9 per cent,  | respectively, as illustrated in Figure 8.  |"
Sector Statistics Report Q1 2025-2026_0.pdf,13,Chart,"respectively, as illustrated in Figure 8.","translating to a penetration rate of 143.1 per cent, out of which 59.5 per cent were smartphones. As shown in  | Figure 8, Smartphone and feature phone penetration rates stood at 85.2 per cent and 57.9 per cent,  | respectively, as illustrated in Figure 8.  |"
Sector Statistics Report Q1 2025-2026_0.pdf,14,Chart,Figure 8: Mobile Phone Devices,"| Source: CA, Operators’, Provisional data for Telkom Kenya Limited  | Figure 8: Mobile Phone Devices  |   | 1.7 Domestic Mobile Voice and SMS Traffic   | The total domestic voice minutes were recorded at 29.9 billion during the reference period compared to 29.1  | billion minutes in the previous period. SMS traffic declined to 14.7 billion from 15.2 billion messages.   |   | Table 2:Domestic Mobile Traffic per Operator  | Name of Operator /Indicator  | Safaricom PLC  | Airtel Networks"
Sector Statistics Report Q1 2025-2026_0.pdf,15,Chart,Figure 9: Market Shares in Domestic Mobile Voice and SMS,"| Source: CA, Operators’, Provisional data for Telkom Kenya Limited  | Figure 9: Market Shares in Domestic Mobile Voice and SMS  |   |"
Sector Statistics Report Q1 2025-2026_0.pdf,16,Chart,Figure 10.,"Minutes of Use per subscription per month increased to 127.5 from 126.5 minutes reported during the  | preceding quarter whereas short messages per subscription dropped to 62.4 from 66.3 messages as shown in  | Figure 10.   | .   |   | Source: CA, Operators’ Returns, Provisional Data for Telkom Kenya Limited  | Figure 10: MoU/Month/Subscription vs SMS/Month/Subscription  |   | 1.11 International Mobile Traffic  | International incoming mobile voice traffic declined by 0.7 per cent to 115.2 million, whereas outgoing  | traffic grew by 10.3 per cent to 220.9 million minutes. International incoming and outgoing SMS declined  | by 3.4 and 6.2 per cent to post 5.4 million and 2.5 million messages respectively.  This decline is attributed"
Sector Statistics Report Q1 2025-2026_0.pdf,16,Chart,Figure 10: MoU/Month/Subscription vs SMS/Month/Subscription,"| Source: CA, Operators’ Returns, Provisional Data for Telkom Kenya Limited  | Figure 10: MoU/Month/Subscription vs SMS/Month/Subscription  |   | 1.11 International Mobile Traffic  | International incoming mobile voice traffic declined by 0.7 per cent to 115.2 million, whereas outgoing  | traffic grew by 10.3 per cent to 220.9 million minutes. International incoming and outgoing SMS declined  | by 3.4 and 6.2 per cent to post 5.4 million and 2.5 million messages respectively.  This decline is attributed  | to the increasing uptake of internet supported messaging services.   |   | Table 4: International Mobile Traffic   | Indicator/Period"
Sector Statistics Report Q1 2025-2026_0.pdf,17,Chart,during the review period is as shown in Figure 11.,"1.13 Tariffs, Promotions and Special Offers  | The number of approved applications for tariffs and promotions & special offers filed by the operators  | during the review period is as shown in Figure 11.  |"
Sector Statistics Report Q1 2025-2026_0.pdf,18,Chart,"Figure 11: Distribution of Tariffs, Promotions and Special Offer","| Source: CA, tariffs, promotions and special offers  | Figure 11: Distribution of Tariffs, Promotions and Special Offer  |   | 1.14 Average Pay-As-You-Go (PAYG) Tariffs  | The average PAYG rates for voice, SMS, and data during the quarter were 3.49, 1.25 and 4.59 Kenyan  | shillings, respectively, as shown in Table 7.  |   | Table 7: Average Pay-As-You-Go (PAYG) Tariffs  | Operator/Market  |   | Average Voice (KES/Min)"
Sector Statistics Report Q1 2025-2026_0.pdf,18,Chart,"respectively as of September 2025, as shown in Figure 12.","Fixed Telephone Subscriptions  | Subscriptions to fixed wireless and fixed VoIP services grew from 1,651 to 1,654 and 47,555 to 47,842,  | respectively as of September 2025, as shown in Figure 12.  |"
Sector Statistics Report Q1 2025-2026_0.pdf,19,Chart,Figure 12: Fixed Voice Subscriptions,"| Source: CA, Operators’ Returns, Provisional data for TKL  | Figure 12: Fixed Voice Subscriptions  |    | 1.2  |  Domestic Fixed Voice Traffic    | Overall, local fixed voice traffic grew by 1.4 per cent to post 1.12 million minutes during the quarter under  | review as illustrated in Table 8.   |   | Table 8: Domestic Fixed Voice Traffic (Minutes)  | Domestic Fixed Voice Traffic (Minutes)  | Jul-Sep 25"
